{
    "intro": "I love to learn new things and experiment with new technologies.\nThese are some of the major languages, technologies, tools and platforms I have worked with:",
    "skills": [{
     
            "title": "Languages ",
            "items" : [
     
                {
                    "icon": "images/skills/python.png",
                    "title": "Python"
                },
                {
                    "icon": "images/skills/js.png",
                    "title": "Javascript"
                },
                {
                    "icon": "images/skills/sql.png",
                    "title": "SQL"
                },
                {
                    "icon": "images/skills/html.jpg",
                    "title": "HTML"
                },
                {
                    "icon": "images/skills/css.png",
                    "title": "CSS"
                },
                {
                    "icon": "images/skills/C.png",
                    "title": "C/C++"
                }

        ]},
        {
            "title": "Frameworks & Technologies",
            "items" : [
                {
                    "icon": "images/skills/ML.png",
                    "title": "Machine Learning"
                },
                {
                    "icon": "images/skills/streamlit.png",
                    "title": "Streamlit"
                },
                {
                    "icon": "images/skills/DL.png",
                    "title": "Deep Learning"
                },
                {
                    "icon": "images/skills/django.jpg",
                    "title": "Django"
                },
                {
                    "icon": "images/skills/pandas.png",
                    "title": "Pandas"
                },
                {
                    "icon": "images/skills/numpy.png",
                    "title": "Numpy"
                },
                {
                    "icon": "images/skills/sk.png",
                    "title": "Scikit-learn"
                },
                {
                    "icon": "images/skills/keras.png",
                    "title": "Keras"
                }
                
            ]
        },
        {
            "title" : "Tools & Platforms",
            "items": [
                {
                    "icon": "images/skills/git.png",
                    "title": "Git"
                },
                {
                    "icon": "images/skills/powerbi.png",
                    "title": "Power Bi"
                },
                {
                    "icon": "images/skills/excel.jpg",
                    "title": "Excel"
                },
                {
                    "icon": "images/skills/pycharm.jpg",
                    "title": "Pycharm"
                },
                {
                    "icon": "images/skills/jupyter_nb.png",
                    "title": "Jupyter Notebook"
                }
            ]
    }
]}